0,1,DEP,1162,35.559986,139.769067,0.0,0.0,0.0,149.8,0.0,0.0
1,1,DEP,1162,35.559445,139.769453,0.0,0.0,0.0,149.8,140.0,0.0
2,1,DEP,1162,35.558903,139.769839,0.0,0.0,0.0,149.8,140.0,0.0
3,1,DEP,1162,35.558362,139.770225,0.0,0.0,0.0,149.8,140.0,0.0
4,1,DEP,1162,35.557820,139.770612,0.0,0.0,0.0,149.8,140.0,0.0
5,1,DEP,1162,35.557279,139.770998,0.0,0.0,0.0,149.8,140.0,0.0
6,1,DEP,1162,35.556738,139.771384,0.0,0.0,0.0,149.8,140.0,0.0
7,1,DEP,1162,35.556196,139.771770,0.0,0.0,0.0,149.8,140.0,0.0
8,1,DEP,1162,35.555655,139.772156,0.0,0.0,0.0,149.8,140.0,0.0
9,1,DEP,1162,35.555114,139.772542,0.0,0.0,0.0,149.8,140.0,0.0
10,1,DEP,1162,35.554572,139.772929,0.0,0.0,0.0,149.8,140.0,0.0
11,1,DEP,1162,35.554031,139.773315,0.0,0.0,0.0,149.8,140.0,0.0
12,1,DEP,1162,35.553489,139.773701,0.0,0.0,0.0,149.8,140.0,0.0
13,1,DEP,1162,35.552948,139.774087,0.0,0.0,0.0,149.8,140.0,0.0
14,1,DEP,1162,35.552407,139.774473,0.0,0.0,0.0,149.8,140.0,0.0
15,1,DEP,1162,35.551865,139.774859,0.0,0.0,0.0,149.8,140.0,0.0
16,1,DEP,1162,35.551324,139.775245,0.0,0.0,0.0,149.8,140.0,0.0
17,1,DEP,1162,35.550782,139.775631,0.0,0.0,0.0,149.8,140.0,0.0
18,1,DEP,1162,35.550241,139.776018,0.0,0.0,0.0,149.8,140.0,0.0
19,1,DEP,1162,35.549700,139.776404,0.0,0.0,0.0,149.8,140.0,0.0
20,1,DEP,1162,35.549158,139.776790,0.0,0.0,0.0,149.8,140.0,0.0
21,1,DEP,1162,35.548617,139.777176,0.0,0.0,0.0,149.8,140.0,0.0
22,1,DEP,1162,35.548076,139.777562,0.0,0.0,0.0,149.8,140.0,0.0
23,1,DEP,1162,35.547534,139.777948,0.0,0.0,0.0,149.8,140.0,0.0
24,1,DEP,1162,35.546993,139.778334,0.0,0.0,0.0,149.8,140.0,0.0
25,1,DEP,1162,35.546452,139.778720,0.0,0.0,0.0,149.8,140.0,0.0
26,1,DEP,1162,35.545911,139.779106,0.0,0.0,0.0,149.8,140.0,0.0
27,1,DEP,1162,35.545370,139.779491,0.0,0.0,0.0,149.8,140.0,0.0
28,1,DEP,1162,35.544829,139.779877,0.0,0.0,0.0,149.8,140.0,0.0
29,1,DEP,1162,35.544288,139.780263,0.0,0.0,0.0,149.8,140.0,0.0
30,1,DEP,1162,35.543747,139.780649,0.0,0.0,0.0,149.8,140.0,0.0
31,1,DEP,1162,35.543195,139.781043,0.0,0.0,0.0,149.8,142.9,0.0
32,1,DEP,1162,35.542628,139.781447,0.0,0.0,0.0,149.8,146.6,0.0
33,1,DEP,1162,35.542059,139.781853,0.0,0.0,0.0,149.8,147.0,0.0
34,1,DEP,1162,35.541490,139.782259,0.0,0.0,0.0,149.8,147.0,0.0
35,1,DEP,1162,35.540921,139.782664,0.0,0.0,0.0,149.8,147.0,0.0
36,1,DEP,1162,35.540352,139.783070,0.2,0.0,0.0,149.8,147.0,0.1
37,1,DEP,1162,35.539783,139.783476,4.2,0.0,0.0,149.8,147.0,1.2
38,1,DEP,1162,35.539214,139.783881,14.6,0.0,0.0,149.8,147.0,3.2
39,1,DEP,1162,35.538645,139.784287,30.3,0.0,0.0,149.8,147.0,4.8
40,1,DEP,1162,35.538076,139.784693,50.3,0.0,0.0,149.8,147.0,6.1
41,1,DEP,1162,35.537507,139.785099,73.9,0.0,0.0,149.8,147.0,7.2
42,1,DEP,1162,35.536936,139.785506,100.3,0.0,0.0,149.8,147.0,8.1
43,1,DEP,1162,35.536363,139.785915,129.1,0.0,0.0,149.8,147.0,8.8
44,1,DEP,1162,35.535789,139.786324,159.9,0.0,0.0,149.8,147.0,9.4
45,1,DEP,1162,35.535214,139.786734,192.4,0.0,0.0,149.8,147.0,9.9
46,1,DEP,1162,35.534638,139.787145,226.1,0.0,0.0,149.8,147.0,10.3
47,1,DEP,1162,35.534060,139.787556,261.0,0.0,0.0,149.8,147.0,10.6
48,1,DEP,1162,35.533483,139.787969,296.8,0.0,0.0,149.8,147.0,10.9
49,1,DEP,1162,35.532904,139.788381,333.4,0.0,0.0,149.8,147.0,11.1
50,1,DEP,1162,35.532326,139.788793,370.6,0.0,0.0,149.8,147.0,11.3
51,1,DEP,1162,35.531748,139.789205,408.3,0.0,0.0,149.8,147.0,11.5
52,1,DEP,1162,35.531170,139.789618,446.4,0.0,0.0,149.8,147.0,11.6
53,1,DEP,1162,35.530591,139.790030,484.9,0.0,0.0,149.8,147.0,11.7
54,1,DEP,1162,35.530013,139.790443,531.2,0.0,0.0,149.8,147.0,14.1
55,1,DEP,1162,35.529434,139.790855,583.6,0.0,0.0,149.8,147.0,16.0
56,1,DEP,1162,35.528856,139.791268,633.5,0.0,0.0,149.8,147.0,15.2
57,1,DEP,1162,35.528277,139.791680,681.3,0.0,0.0,149.8,147.0,14.6
58,1,DEP,1162,35.527699,139.792092,727.5,0.0,0.0,149.8,147.0,14.1
59,1,DEP,1162,35.527121,139.792505,772.3,0.0,0.0,149.8,147.0,13.7
60,1,DEP,1162,35.526542,139.792917,816.0,0.0,0.0,149.8,147.0,13.3
61,1,DEP,1162,35.525964,139.793330,858.8,0.0,0.0,149.8,147.0,13.0
62,1,DEP,1162,35.525385,139.793742,900.8,0.0,0.0,149.8,147.0,12.8
63,1,DEP,1162,35.524806,139.794155,942.2,0.0,0.0,149.8,147.0,12.6
64,1,DEP,1162,35.524226,139.794568,983.2,0.0,0.0,149.8,147.0,12.5
65,1,DEP,1162,35.523646,139.794982,1023.7,0.0,0.0,149.8,147.0,12.3
66,1,DEP,1162,35.523065,139.795396,1063.9,0.0,0.0,149.8,147.0,12.3
67,1,DEP,1162,35.522483,139.795811,1103.8,0.0,0.0,149.8,147.0,12.2
68,1,DEP,1162,35.521901,139.796226,1143.5,0.0,0.0,149.8,147.0,12.1
69,1,DEP,1162,35.521317,139.796643,1183.1,0.0,0.0,149.8,147.3,12.1
70,1,DEP,1162,35.520729,139.797062,1222.6,0.0,0.0,149.8,148.0,12.0
71,1,DEP,1162,35.520138,139.797483,1262.0,0.0,0.0,149.8,148.7,12.0
72,1,DEP,1162,35.519544,139.797907,1301.4,0.0,0.0,149.8,149.3,12.0
73,1,DEP,1162,35.518946,139.798333,1340.9,0.0,0.0,149.8,150.0,12.0
74,1,DEP,1162,35.518344,139.798762,1380.4,0.0,0.0,149.8,150.7,12.0
75,1,DEP,1162,35.517740,139.799193,1420.0,0.0,0.0,149.8,151.4,12.1
76,1,DEP,1162,35.517131,139.799627,1459.7,0.0,0.0,149.8,152.1,12.1
77,1,DEP,1162,35.516520,139.800063,1499.6,0.0,0.0,149.8,152.8,12.2
78,1,DEP,1162,35.515904,139.800501,1539.7,0.0,0.0,149.8,153.5,12.2
79,1,DEP,1162,35.515285,139.800943,1579.9,0.0,0.0,149.8,154.2,12.3
80,1,DEP,1162,35.514662,139.801387,1620.3,0.0,0.0,149.8,155.0,12.3
81,1,DEP,1162,35.514035,139.801834,1660.9,0.0,0.0,149.8,155.7,12.4
82,1,DEP,1162,35.513405,139.802283,1701.7,0.0,0.0,149.8,156.4,12.4
83,1,DEP,1162,35.512770,139.802736,1742.7,0.0,0.0,149.8,157.1,12.5
84,1,DEP,1162,35.512132,139.803191,1784.0,0.0,0.0,149.8,157.8,12.6
85,1,DEP,1162,35.511489,139.803649,1825.4,0.0,0.0,149.8,158.6,12.6
86,1,DEP,1162,35.510842,139.804108,1867.2,0.9,0.0,149.9,159.3,12.7
87,1,DEP,1162,35.510190,139.804566,1909.1,2.3,0.0,150.2,160.0,12.8
88,1,DEP,1162,35.509533,139.805027,1951.3,0.3,0.0,150.2,160.8,12.9
89,1,DEP,1162,35.508873,139.805490,1993.8,-0.2,0.0,150.2,161.5,12.9
90,1,DEP,1162,35.508209,139.805957,2036.5,-0.2,0.0,150.2,162.3,13.0
91,1,DEP,1162,35.507541,139.806426,2079.5,-0.2,0.0,150.1,163.0,13.1
92,1,DEP,1162,35.506870,139.806899,2122.7,-0.2,0.0,150.1,163.8,13.2
93,1,DEP,1162,35.506194,139.807375,2166.1,-0.2,0.0,150.1,164.5,13.2
94,1,DEP,1162,35.505515,139.807854,2209.8,-0.2,0.0,150.1,165.3,13.3
95,1,DEP,1162,35.504831,139.808336,2253.8,-0.2,0.0,150.1,166.0,13.4
96,1,DEP,1162,35.504144,139.808821,2298.0,-0.2,0.0,150.0,166.8,13.5
97,1,DEP,1162,35.503453,139.809309,2342.5,-0.2,0.0,150.0,167.6,13.6
98,1,DEP,1162,35.502759,139.809800,2387.3,-0.2,0.0,150.0,168.4,13.6
99,1,DEP,1162,35.502061,139.810294,2432.3,-0.2,0.0,150.0,169.1,13.7
100,1,DEP,1162,35.501359,139.810791,2477.6,-0.1,0.0,150.0,169.9,13.8
101,1,DEP,1162,35.500654,139.811291,2523.1,-0.1,0.0,150.0,170.7,13.9
102,1,DEP,1162,35.499945,139.811793,2568.9,-0.1,0.0,149.9,171.5,14.0
103,1,DEP,1162,35.499232,139.812298,2614.9,-0.1,0.0,149.9,172.1,14.0
104,1,DEP,1162,35.498518,139.812805,2661.2,-0.1,0.0,149.9,172.5,14.1
105,1,DEP,1162,35.497802,139.813313,2707.7,-0.1,0.0,149.9,172.8,14.2
106,1,DEP,1162,35.497084,139.813823,2754.3,-0.1,0.0,149.9,173.2,14.2
107,1,DEP,1162,35.496365,139.814334,2801.3,-0.1,0.0,149.9,173.5,14.3
108,1,DEP,1162,35.495644,139.814846,2848.5,-0.1,0.0,149.9,173.9,14.4
109,1,DEP,1162,35.494921,139.815361,2895.8,-0.1,0.0,149.9,174.2,14.4
110,1,DEP,1162,35.494196,139.815877,2943.3,-0.1,0.0,149.8,174.6,14.5
111,1,DEP,1162,35.493468,139.816395,2991.0,-0.1,0.0,149.8,175.0,14.5
112,1,DEP,1162,35.492739,139.816914,3038.8,-0.1,0.0,149.8,175.4,14.6
113,1,DEP,1162,35.492007,139.817435,3086.7,-0.1,0.0,149.8,175.9,14.6
114,1,DEP,1162,35.491272,139.817958,3134.8,-0.1,0.0,149.8,176.3,14.7
115,1,DEP,1162,35.490536,139.818483,3183.1,-0.1,0.0,149.8,176.7,14.7
116,1,DEP,1162,35.489798,139.819009,3231.5,-0.1,0.0,149.8,177.1,14.8
117,1,DEP,1162,35.489058,139.819537,3280.1,-0.1,0.0,149.8,177.5,14.8
118,1,DEP,1162,35.488316,139.820066,3328.9,-0.1,0.0,149.8,177.9,14.9
119,1,DEP,1162,35.487573,139.820596,3377.7,-0.1,0.0,149.8,178.3,14.9
120,1,DEP,1162,35.486827,139.821128,3426.7,-0.1,0.0,149.8,178.7,14.9
121,1,DEP,1162,35.486080,139.821662,3475.9,-0.1,0.0,149.8,179.1,15.0
122,1,DEP,1162,35.485331,139.822197,3525.1,-0.1,0.0,149.8,179.6,15.0
123,1,DEP,1162,35.484579,139.822733,3574.6,-0.1,0.0,149.8,180.0,15.1
124,1,DEP,1162,35.483826,139.823271,3624.1,-0.0,0.0,149.7,180.4,15.1
125,1,DEP,1162,35.483071,139.823810,3673.8,-0.0,0.0,149.7,180.8,15.1
126,1,DEP,1162,35.482313,139.824351,3723.6,-0.0,0.0,149.7,181.2,15.2
127,1,DEP,1162,35.481554,139.824894,3773.6,-0.0,0.0,149.7,181.6,15.2
128,1,DEP,1162,35.480793,139.825438,3823.7,-0.0,0.0,149.7,182.1,15.3
129,1,DEP,1162,35.480030,139.825983,3873.9,-0.0,0.0,149.7,182.5,15.3
130,1,DEP,1162,35.479265,139.826530,3924.2,-0.0,0.0,149.7,182.9,15.3
131,1,DEP,1162,35.478498,139.827078,3974.7,-0.0,0.0,149.7,183.3,15.4
132,1,DEP,1162,35.477729,139.827628,4025.3,-0.0,0.0,149.7,183.8,15.4
133,1,DEP,1162,35.476958,139.828180,4076.1,-0.0,0.0,149.7,184.2,15.5
134,1,DEP,1162,35.476184,139.828732,4127.0,-0.0,0.0,149.7,184.6,15.5
135,1,DEP,1162,35.475409,139.829287,4178.0,-0.0,0.0,149.7,185.0,15.6
136,1,DEP,1162,35.474633,139.829842,4229.2,-0.0,0.0,149.7,185.5,15.6
137,1,DEP,1162,35.473854,139.830399,4280.5,-0.0,0.0,149.7,185.9,15.6
138,1,DEP,1162,35.473073,139.830958,4331.9,-0.0,0.0,149.7,186.3,15.7
139,1,DEP,1162,35.472291,139.831518,4383.5,-0.0,0.0,149.7,186.8,15.7
140,1,DEP,1162,35.471506,139.832079,4435.2,-0.0,0.0,149.7,187.2,15.8
141,1,DEP,1162,35.470720,139.832641,4487.0,-0.0,0.0,149.7,187.6,15.8
142,1,DEP,1162,35.469932,139.833205,4538.9,-0.0,0.0,149.7,188.1,15.8
143,1,DEP,1162,35.469142,139.833770,4591.0,-0.0,0.0,149.7,188.5,15.9
144,1,DEP,1162,35.468351,139.834337,4643.2,-0.0,0.0,149.7,188.9,15.9
145,1,DEP,1162,35.467557,139.834905,4695.5,-0.0,0.0,149.7,189.4,15.9
146,1,DEP,1162,35.466761,139.835474,4748.0,-0.0,0.0,149.7,189.8,16.0
147,1,DEP,1162,35.465964,139.836045,4800.6,-0.0,0.0,149.7,190.2,16.0
148,1,DEP,1162,35.465165,139.836617,4853.3,-0.0,0.0,149.7,190.7,16.1
149,1,DEP,1162,35.464363,139.837191,4906.1,-0.0,0.0,149.7,191.1,16.1
150,1,DEP,1162,35.463561,139.837765,4959.1,-0.0,0.0,149.7,191.6,16.1
151,1,DEP,1162,35.462757,139.838341,5012.2,-0.0,0.0,149.7,192.0,16.2
152,1,DEP,1162,35.461951,139.838918,5065.4,-0.0,0.0,149.7,192.5,16.2
153,1,DEP,1162,35.461143,139.839496,5118.7,-0.0,0.0,149.7,192.9,16.3
154,1,DEP,1162,35.460333,139.840076,5172.1,-0.0,0.0,149.7,193.3,16.3
155,1,DEP,1162,35.459521,139.840657,5225.7,-0.0,0.0,149.7,193.8,16.3
156,1,DEP,1162,35.458707,139.841240,5279.4,-0.0,0.0,149.7,194.2,16.4
157,1,DEP,1162,35.457892,139.841824,5333.2,-0.0,0.0,149.7,194.7,16.4
158,1,DEP,1162,35.457075,139.842409,5387.1,-0.0,0.0,149.7,195.1,16.4
159,1,DEP,1162,35.456255,139.842995,5441.2,-0.0,0.0,149.7,195.6,16.5
160,1,DEP,1162,35.455435,139.843583,5495.4,-0.0,0.0,149.7,196.0,16.5
161,1,DEP,1162,35.454612,139.844172,5549.7,-0.0,0.0,149.7,196.5,16.6
162,1,DEP,1162,35.453748,139.844672,5483.0,43.4,0.0,154.7,197.0,-20.3
163,1,DEP,1162,35.452856,139.845076,5416.4,43.3,0.0,159.7,197.4,-20.3
164,1,DEP,1162,35.451943,139.845383,5349.7,43.1,0.0,164.7,197.9,-20.3
165,1,DEP,1162,35.451016,139.845589,5283.0,43.0,0.0,169.7,198.3,-20.3
166,1,DEP,1162,35.450083,139.845696,5216.4,42.8,0.0,174.7,198.8,-20.3
167,1,DEP,1162,35.449150,139.845702,5149.7,42.7,0.0,179.7,199.3,-20.3
168,1,DEP,1162,35.448225,139.845610,5083.0,42.5,0.0,184.7,199.7,-20.3
169,1,DEP,1162,35.447315,139.845420,5016.4,42.4,0.0,189.7,200.2,-20.3
170,1,DEP,1162,35.446426,139.845135,4949.7,42.3,0.0,194.7,200.6,-20.3
171,1,DEP,1162,35.445565,139.844759,4883.0,42.1,0.0,199.7,201.1,-20.3
172,1,DEP,1162,35.444739,139.844294,4816.4,42.0,0.0,204.7,201.6,-20.3
173,1,DEP,1162,35.443953,139.843746,4749.7,41.8,0.0,209.7,202.0,-20.3
174,1,DEP,1162,35.443212,139.843118,4683.0,41.7,0.0,214.7,202.5,-20.3
175,1,DEP,1162,35.442521,139.842417,4616.4,41.6,0.0,219.7,203.0,-20.3
176,1,DEP,1162,35.441885,139.841648,4549.7,41.5,0.0,224.7,203.4,-20.3
177,1,DEP,1162,35.441308,139.840817,4483.0,41.4,0.0,229.7,203.9,-20.3
178,1,DEP,1162,35.440794,139.839929,4416.4,41.3,0.0,234.7,204.4,-20.3
179,1,DEP,1162,35.440347,139.838993,4349.7,41.3,0.0,239.7,204.9,-20.3
180,1,DEP,1162,35.439968,139.838013,4287.3,41.2,0.0,244.7,205.3,-19.0
181,1,DEP,1162,35.439661,139.836998,4270.2,41.2,0.0,249.7,205.8,-5.2
182,1,DEP,1162,35.439427,139.835955,4254.4,41.2,0.0,254.7,206.3,-4.8
183,1,DEP,1162,35.439268,139.834889,4239.7,41.2,0.0,259.7,206.8,-4.5
184,1,DEP,1162,35.439186,139.833810,4226.2,41.2,0.0,264.7,207.2,-4.1
185,1,DEP,1162,35.439181,139.832724,4213.7,41.3,0.0,269.7,207.7,-3.8
186,1,DEP,1162,35.439204,139.831637,4202.3,18.2,0.0,271.5,208.2,-3.5
187,1,DEP,1162,35.439228,139.830547,4191.8,-0.0,0.0,271.5,208.7,-3.2
188,1,DEP,1162,35.439251,139.829455,4182.2,-0.0,0.0,271.5,209.2,-2.9
189,1,DEP,1162,35.439274,139.828359,4173.3,-0.0,0.0,271.5,209.7,-2.7
190,1,DEP,1162,35.439298,139.827261,4164.9,-0.0,0.0,271.5,210.1,-2.6
191,1,DEP,1162,35.439321,139.826160,4156.9,-0.0,0.0,271.5,210.6,-2.4
192,1,DEP,1162,35.439344,139.825056,4149.3,-0.0,0.0,271.5,211.1,-2.3
193,1,DEP,1162,35.439368,139.823949,4142.0,-0.0,0.0,271.5,211.6,-2.2
194,1,DEP,1162,35.439392,139.822840,4134.9,-0.0,0.0,271.5,212.1,-2.2
195,1,DEP,1162,35.439415,139.821728,4128.0,-0.0,0.0,271.5,212.6,-2.1
196,1,DEP,1162,35.439439,139.820613,4121.3,-0.0,0.0,271.5,213.1,-2.1
197,1,DEP,1162,35.439462,139.819495,4114.6,-0.0,0.0,271.5,213.6,-2.0
198,1,DEP,1162,35.439486,139.818374,4108.1,-0.0,0.0,271.5,214.1,-2.0
199,1,DEP,1162,35.439510,139.817250,4101.6,-0.0,0.0,271.5,214.6,-2.0
200,1,DEP,1162,35.439534,139.816124,4095.1,-0.0,0.0,271.5,215.1,-2.0
201,1,DEP,1162,35.439558,139.814995,4088.7,-0.0,0.0,271.5,215.6,-2.0
202,1,DEP,1162,35.439663,139.813870,4155.4,42.5,0.0,276.5,216.1,20.3
203,1,DEP,1162,35.439849,139.812757,4222.1,42.5,0.0,281.5,216.6,20.3
204,1,DEP,1162,35.440114,139.811665,4288.7,42.6,0.0,286.5,217.1,20.3
205,1,DEP,1162,35.440457,139.810601,4355.4,42.7,0.0,291.5,217.6,20.3
206,1,DEP,1162,35.440876,139.809574,4422.1,42.9,0.0,296.5,218.1,20.3
207,1,DEP,1162,35.441369,139.808591,4488.7,43.0,0.0,301.5,218.6,20.3
208,1,DEP,1162,35.441793,139.807554,4555.4,-43.1,0.0,296.5,219.1,20.3
209,1,DEP,1162,35.442288,139.806566,4622.1,43.1,0.0,301.5,219.6,20.3
210,1,DEP,1162,35.442713,139.805525,4688.7,-43.3,0.0,296.5,220.1,20.3
211,1,DEP,1162,35.443210,139.804533,4755.4,43.2,0.0,301.5,220.6,20.3
212,1,DEP,1162,35.443637,139.803486,4822.1,-43.4,0.0,296.5,221.1,20.3
213,1,DEP,1162,35.444137,139.802490,4888.7,43.4,0.0,301.5,221.6,20.3
214,1,DEP,1162,35.444566,139.801440,4955.4,-43.5,0.0,296.5,222.0,20.3
215,1,DEP,1162,35.445066,139.800443,5022.1,43.4,0.0,301.5,222.0,20.3
216,1,DEP,1162,35.445494,139.799393,5088.7,-43.5,0.0,296.5,222.0,20.3
217,1,DEP,1162,35.445994,139.798397,5153.6,43.4,0.0,301.5,222.0,19.8
218,1,DEP,1162,35.446423,139.797346,5136.1,-43.5,0.0,296.5,222.4,-5.4
219,1,DEP,1162,35.446925,139.796345,5119.0,43.5,0.0,301.5,222.9,-5.2
220,1,DEP,1162,35.447356,139.795288,5104.9,-43.7,0.0,296.5,223.5,-4.3
221,1,DEP,1162,35.447861,139.794281,5091.1,43.7,0.0,301.5,224.1,-4.2
222,1,DEP,1162,35.448295,139.793219,5079.7,-43.8,0.0,296.5,224.7,-3.5
223,1,DEP,1162,35.448803,139.792206,5068.3,43.8,0.0,301.5,225.3,-3.5
224,1,DEP,1162,35.449239,139.791137,5059.0,-44.0,0.0,296.5,225.8,-2.9
225,1,DEP,1162,35.449749,139.790119,5049.6,44.0,0.0,301.5,226.4,-2.8
226,1,DEP,1162,35.450188,139.789044,5041.9,-44.1,0.0,296.5,227.0,-2.3
227,1,DEP,1162,35.450701,139.788020,5034.3,44.2,0.0,301.5,227.6,-2.3
228,1,DEP,1162,35.451143,139.786939,5028.0,-44.3,0.0,296.5,228.2,-1.9
229,1,DEP,1162,35.451659,139.785910,5021.9,44.3,0.0,301.5,228.8,-1.9
230,1,DEP,1162,35.452102,139.784823,5016.9,-44.5,0.0,296.5,229.4,-1.5
231,1,DEP,1162,35.452622,139.783787,5012.2,44.5,0.0,301.5,230.0,-1.4
232,1,DEP,1162,35.453068,139.782694,5008.3,-44.6,0.0,296.5,230.6,-1.2
233,1,DEP,1162,35.453591,139.781652,5004.9,44.7,0.0,301.5,231.2,-1.0
234,1,DEP,1162,35.454039,139.780552,5002.1,-44.8,0.0,296.5,231.8,-0.9
235,1,DEP,1162,35.454565,139.779504,5000.0,44.8,0.0,301.5,232.4,-0.6
236,1,DEP,1162,35.455016,139.778399,4998.3,-45.0,0.0,296.5,233.0,-0.5
237,1,DEP,1162,35.455544,139.777345,4997.5,45.0,0.0,301.5,233.6,-0.2
238,1,DEP,1162,35.455998,139.776233,4996.7,-45.1,0.0,296.5,234.2,-0.2
239,1,DEP,1162,35.456530,139.775173,4997.2,45.1,0.0,301.5,234.8,0.2
240,1,DEP,1162,35.456986,139.774055,4997.5,-45.3,0.0,296.5,235.4,0.1
241,1,DEP,1162,35.457520,139.772990,4999.3,45.3,0.0,301.5,236.0,0.5
242,1,DEP,1162,35.457979,139.771865,5000.6,-45.4,0.0,296.5,236.6,0.4
243,1,DEP,1162,35.458516,139.770794,5003.6,45.4,0.0,301.5,237.2,0.9
244,1,DEP,1162,35.458977,139.769663,5005.9,-45.6,0.0,296.5,237.9,0.7
245,1,DEP,1162,35.459518,139.768586,5010.2,45.6,0.0,301.5,238.5,1.3
246,1,DEP,1162,35.459982,139.767449,5013.5,-45.8,0.0,296.5,239.1,1.0
247,1,DEP,1162,35.460525,139.766366,4946.9,45.8,0.0,301.5,239.7,-20.3
248,1,DEP,1162,35.460991,139.765222,4880.2,-45.9,0.0,296.5,240.3,-20.3
249,1,DEP,1162,35.461538,139.764132,4813.5,45.9,0.0,301.5,241.0,-20.3
250,1,DEP,1162,35.462007,139.762982,4746.9,-46.1,0.0,296.5,241.6,-20.3
251,1,DEP,1162,35.462557,139.761886,4680.2,46.1,0.0,301.5,242.2,-20.3
252,1,DEP,1162,35.463029,139.760728,4613.5,-46.3,0.0,296.5,242.8,-20.3
253,1,DEP,1162,35.463583,139.759625,4546.9,46.3,0.0,301.5,243.5,-20.3
254,1,DEP,1162,35.464058,139.758460,4480.2,-46.4,0.0,296.5,244.1,-20.3
255,1,DEP,1162,35.464614,139.757350,4413.5,46.5,0.0,301.5,244.7,-20.3
256,1,DEP,1162,35.465092,139.756179,4346.9,-46.6,0.0,296.5,245.4,-20.3
257,1,DEP,1162,35.465652,139.755062,4280.2,46.6,0.0,301.5,246.0,-20.3
258,1,DEP,1162,35.466133,139.753883,4213.5,-46.8,0.0,296.5,246.6,-20.3
259,1,DEP,1162,35.466697,139.752760,4146.9,46.8,0.0,301.5,247.3,-20.3
260,1,DEP,1162,35.467180,139.751574,4080.2,-47.0,0.0,296.5,247.9,-20.3
261,1,DEP,1162,35.467747,139.750444,4013.5,47.0,0.0,301.5,248.6,-20.3
262,1,DEP,1162,35.468234,139.749251,3946.9,-47.1,0.0,296.5,249.2,-20.3
263,1,DEP,1162,35.468804,139.748113,3880.2,47.1,0.0,301.5,249.9,-20.3
264,1,DEP,1162,35.469293,139.746916,3813.5,-47.2,0.0,296.5,250.0,-20.3
265,1,DEP,1162,35.469864,139.745777,3746.9,47.2,0.0,301.5,250.0,-20.3
266,1,DEP,1162,35.470352,139.744579,3680.2,-47.3,0.0,296.5,250.0,-20.3
267,1,DEP,1162,35.470923,139.743440,3613.5,47.2,0.0,301.5,250.0,-20.3
268,1,DEP,1162,35.471413,139.742241,3546.9,-47.3,0.0,296.5,250.0,-20.3
269,1,DEP,1162,35.471984,139.741101,3480.2,47.2,0.0,301.5,250.0,-20.3
270,1,DEP,1162,35.472474,139.739900,3413.5,-47.3,0.0,296.5,250.0,-20.3
271,1,DEP,1162,35.473046,139.738759,3346.9,47.2,0.0,301.5,250.0,-20.3
272,1,DEP,1162,35.473536,139.737559,3280.2,-47.3,0.0,296.5,250.0,-20.3
273,1,DEP,1162,35.474108,139.736417,3213.5,47.3,0.0,301.5,250.0,-20.3
274,1,DEP,1162,35.474598,139.735216,3146.9,-47.3,0.0,296.5,250.0,-20.3
275,1,DEP,1162,35.475171,139.734074,3080.2,47.3,0.0,301.5,250.0,-20.3
276,1,DEP,1162,35.475661,139.732871,3013.5,-47.4,0.0,296.5,250.0,-20.3
277,1,DEP,1162,35.476234,139.731728,2946.9,47.3,0.0,301.5,250.0,-20.3
278,1,DEP,1162,35.476726,139.730524,2880.2,-47.4,0.0,296.5,250.0,-20.3
279,1,DEP,1162,35.477299,139.729380,2813.5,47.3,0.0,301.5,250.0,-20.3
280,1,DEP,1162,35.477791,139.728175,2746.9,-47.4,0.0,296.5,250.0,-20.3
281,1,DEP,1162,35.478365,139.727030,2680.2,47.3,0.0,301.5,250.0,-20.3
282,1,DEP,1162,35.478857,139.725823,2613.5,-47.5,0.0,296.5,250.0,-20.3
283,1,DEP,1162,35.479432,139.724677,2546.9,47.4,0.0,301.5,250.0,-20.3
284,1,DEP,1162,35.479925,139.723469,2480.2,-47.5,0.0,296.5,250.0,-20.3
285,1,DEP,1162,35.480500,139.722321,2413.5,47.4,0.0,301.5,250.0,-20.3
286,1,DEP,1162,35.480993,139.721112,2346.9,-47.5,0.0,296.5,250.0,-20.3
287,1,DEP,1162,35.481569,139.719963,2280.2,47.4,0.0,301.5,250.0,-20.3
288,1,DEP,1162,35.482115,139.718787,2213.5,-22.8,0.0,299.6,250.0,-20.3
289,1,DEP,1162,35.482634,139.717592,2280.2,-19.9,0.0,298.0,250.0,20.3
290,1,DEP,1162,35.483183,139.716421,2277.0,22.7,0.0,299.9,250.0,-1.0
291,1,DEP,1162,35.483702,139.715226,2222.3,-22.6,0.0,298.0,250.0,-16.7
292,1,DEP,1162,35.484248,139.714052,2177.6,20.2,0.0,299.7,250.0,-13.6
293,1,DEP,1162,35.484770,139.712858,2140.5,-18.3,0.0,298.2,250.0,-11.3
294,1,DEP,1162,35.485315,139.711680,2110.3,16.6,0.0,299.5,250.0,-9.2
295,1,DEP,1162,35.485881,139.710515,2043.6,15.2,0.0,300.8,250.0,-20.3
296,1,DEP,1162,35.486433,139.709335,1976.9,-12.1,0.0,299.8,250.0,-20.3
297,1,DEP,1162,35.486973,139.708145,2043.6,-8.8,0.0,299.1,250.0,20.3
298,1,DEP,1162,35.487528,139.706970,2110.3,12.1,0.0,300.1,250.0,20.3
299,1,DEP,1162,35.488062,139.705781,2100.4,-15.2,0.0,298.8,250.0,-3.0
300,1,DEP,1162,35.488616,139.704607,2076.2,14.7,0.0,300.0,250.0,-7.4
301,1,DEP,1162,35.489152,139.703419,2056.1,-13.6,0.0,298.9,250.0,-6.1
302,1,DEP,1162,35.489705,139.702242,2039.6,12.7,0.0,299.9,250.0,-5.0
303,1,DEP,1162,35.490243,139.701053,2025.6,-11.9,0.0,299.0,250.0,-4.2
304,1,DEP,1162,35.490795,139.699876,2014.3,11.2,0.0,299.9,250.0,-3.5
305,1,DEP,1162,35.491334,139.698686,2004.5,-10.7,0.0,299.0,250.0,-3.0
306,1,DEP,1162,35.491886,139.697507,1996.5,10.2,0.0,299.8,250.0,-2.4
307,1,DEP,1162,35.492426,139.696318,1989.5,-9.8,0.0,299.1,250.0,-2.1
308,1,DEP,1162,35.492978,139.695138,1983.8,9.5,0.0,299.8,250.0,-1.7
309,1,DEP,1162,35.493518,139.693948,1978.7,-9.2,0.0,299.1,250.0,-1.6
310,1,DEP,1162,35.494071,139.692767,1974.5,8.9,0.0,299.8,250.0,-1.3
311,1,DEP,1162,35.494611,139.691577,1970.6,-8.7,0.0,299.1,250.0,-1.2
312,1,DEP,1162,35.495163,139.690395,1967.5,8.5,0.0,299.8,250.0,-1.0
313,1,DEP,1162,35.495704,139.689205,1964.4,-8.4,0.0,299.1,250.0,-0.9
314,1,DEP,1162,35.496256,139.688023,1961.9,8.2,0.0,299.8,250.0,-0.8
315,1,DEP,1162,35.496797,139.686833,1959.3,-8.1,0.0,299.1,250.0,-0.8
316,1,DEP,1162,35.497349,139.685651,1957.2,8.0,0.0,299.8,250.0,-0.6
317,1,DEP,1162,35.497891,139.684461,1955.1,-7.9,0.0,299.1,250.0,-0.7
318,1,DEP,1162,35.498442,139.683278,1953.3,7.8,0.0,299.7,250.0,-0.5
319,1,DEP,1162,35.498984,139.682088,1951.3,-7.7,0.0,299.1,250.0,-0.6
320,1,DEP,1162,35.499535,139.680906,1949.7,7.6,0.0,299.7,250.0,-0.5
321,1,DEP,1162,35.500077,139.679715,1947.8,-7.5,0.0,299.1,250.0,-0.6
322,1,DEP,1162,35.500629,139.678533,1946.3,7.4,0.0,299.7,250.0,-0.5
323,1,DEP,1162,35.501170,139.677342,1944.6,-7.3,0.0,299.1,250.0,"-0.5"
324,1,DEP,1162,35.501722,139.676159,1943.2,7.3,0.0,299.7,250.0,"-0.4"
325,1,DEP,1162,35.502264,139.674969,1941.5,-7.2,0.0,299.1,250.0,-0.5
326,1,DEP,1162,35.502815,139.673786,1940.1,7.1,0.0,299.7,250.0,-0.4
327,1,DEP,1162,35.503357,139.672596,1938.4,-7.0,0.0,299.2,250.0,-0.5
328,1,DEP,1162,35.503909,139.671412,1937.0,6.9,0.0,299.7,250.0,-0.4
329,1,DEP,1162,35.504451,139.670221,1935.4,-6.9,0.0,299.2,250.0,-0.5
330,1,DEP,1162,35.505003,139.669037,1934.0,6.8,0.0,299.7,250.0,-0.4,
331,1,DEP,1162,35.505564,139.667858,1867.3,6.7,0.0,300.2,250.0,-20.3,
332,1,DEP,1162,35.506121,139.666675,1800.6,-3.4,0.0,300.0,250.0,-20.3,
